{
  "ALMANYA": {
    "BADEN-WÜRTTEMBERG": {
      "AALEN": "06:59",
      "ACHERN": "07:07",
      "AIDLINGEN": "07:03",
      "ALBSTADT": "07:03",
      "ALLENSBACH": "07:02",
      "ALPIRSBACH": "07:05",
      "ALTHENGSTETT": "07:04",
      "BACKNANG": "07:02",
      "BAD DURRHEIM": "07:05",
      "BAD KROZINGEN": "07:08",
      "BAD SACKINGEN": "07:07",
      "BAD URACH": "07:01",
      "BAD WALDSEE": "07:00",
      "BAD WURZACH": "06:59",
      "BAD-SCHUSSENRIED": "07:00",
      "BADEN-BADEN": "07:06",
      "BAIERSBRONN": "07:05",
      "BALINGEN": "07:03",
      "BIBERACH AN DER RISS": "07:00",
      "BIETIGHEIM-BISSINGEN": "07:03",
      "BISSINGEN AN DER ENZ": "07:03",
      "BLAUBEUREN": "07:00",
      "BLUMBERG": "07:04",
      "BOBLINGEN": "07:03",
      "BONNDORF": "07:05",
      "BOPFINGEN": "06:58",
      "BOTZINGEN": "07:08",
      "BRETTEN": "07:04",
      "BRUCHSAL": "07:05",
      "BUCHEN": "07:02",
      "BUGGINGEN": "07:08",
      "BUHL(BADEN-BADEN)": "07:07",
      "BURLADINGEN": "07:02",
      "CALW": "07:04",
      "CRAILSHEIM": "06:59",
      "DENZLINGEN": "07:07",
      "DETTINGEN AN DER ERMS": "07:02",
      "DETTINGEN UNTER TECK": "07:01",
      "DIETENHEIM": "06:59",
      "DITZINGEN": "07:03",
      "DONAUESCHINGEN": "07:05",
      "DURLACH": "07:05",
      "EBERBACH": "07:04",
      "EBERSBACH AN DER FILS": "07:01",
      "EBINGEN": "07:03",
      "EHINGEN (DONAU)": "07:00",
      "EHNINGEN": "07:03",
      "EISLINGEN": "07:00",
      "ELLWANGEN": "06:59",
      "EMMENDINGEN": "07:07",
      "ENNETACH": "07:01",
      "EPPINGEN": "07:04",
      "ERDMANNHAUSEN": "07:02",
      "ESSLINGEN": "07:02",
      "ETTLINGEN": "07:06",
      "FILDERSTADT": "07:02",
      "FORBACH": "07:06",
      "FREIBURG": "07:07",
      "FREUDENSTADT": "07:05",
      "FRIEDRICHSHAFEN": "07:01",
      "FURTWANGEN": "07:06",
      "GAGGENAU": "07:06",
      "GAILDORF": "07:00",
      "GAMMERTINGEN": "07:02",
      "GARTRINGEN": "07:03",
      "GEISLINGEN AN DER STEIGE": "07:00",
      "GENGENBACH": "07:07",
      "GIENGEN AN DER BRENZ": "06:58",
      "GOMARINGEN": "07:03",
      "GOPPINGEN": "07:00",
      "GOTTMADINGEN": "07:03",
      "GRABEN-NEUDORF": "07:05",
      "GREFFERN": "07:07",
      "GUGLINGEN -EIBENSBAC": "07:03",
      "GUNDELSHEIM": "07:03",
      "HAIGERLOCH": "07:04",
      "HASLACH": "07:07",
      "HECHINGEN": "07:03",
      "HEIDELBERG": "07:05",
      "HEIDENHEIM": "06:58",
      "HEILBRONN": "07:03",
      "HEMMINGEN": "07:03",
      "HERRENBERG": "07:04",
      "HEUBACH": "06:59",
      "HIRSAU": "07:04",
      "HOCKENHEIM": "07:05",
      "HOHENSTEIN -OBERSTET": "07:03",
      "HORB-NECKAR": "07:04",
      "HUFINGEN": "07:05",
      "IMMENSTAAD": "07:01",
      "ISNY": "06:58",
      "KARLSRUHE": "07:06",
      "KEHL": "07:08",
      "KIRCHDORF -ILLER": "06:58",
      "KIRCHHEIM  UNTER TECK": "07:01",
      "KIRHHEIM AM NECKAR": "07:03",
      "KONGEN": "07:02",
      "KONSTANZ": "07:02",
      "KORNWESTHEIM": "07:02",
      "KRESSBRONN": "07:00",
      "KUSTERDINGEN": "07:03",
      "LADENBURG": "07:05",
      "LAHR": "07:07",
      "LAICHINGEN": "07:00",
      "LANGENARGEN": "07:00",
      "LANGENAU (ULM YAKINI)": "06:58",
      "LAUDA": "07:01",
      "LAUFENBURG": "07:06",
      "LAUFFEN AM NECKAR": "07:03",
      "LAUPHEIM": "06:59",
      "LEIMEN": "07:05",
      "LEINFELDEN-ECHTERDINGEN": "07:02",
      "LEONBERG": "07:03",
      "LEUTKIRCH": "06:58",
      "LIPBACH": "07:01",
      "LONSEE": "06:59",
      "LORCH": "07:00",
      "LORRACH": "07:08",
      "LOSSBURG": "07:05",
      "LUDWIGSBURG": "07:02",
      "MAGSTADT": "07:03",
      "MAICHINGEN": "07:03",
      "MANNHEIM": "07:06",
      "MARBACH AM NECKAR": "07:02",
      "MARKDORF": "07:01",
      "MARKGRÖNINGEN": "07:03",
      "MAULBRONN": "07:04",
      "MECKENBEUREN": "07:00",
      "MENGEN": "07:01",
      "MESSKIRCH": "07:02",
      "METZINGEN": "07:02",
      "MOGLINGEN": "07:03",
      "MOSBACH": "07:03",
      "MUHLACKER": "07:04",
      "MUHLHOFEN": "07:01",
      "MULLHEIM": "07:08",
      "MUNDERKINGEN": "07:00",
      "MUNSINGEN": "07:01",
      "MURRHARDT": "07:01",
      "MUTLANGEN": "07:00",
      "MÖSSINGEN": "07:03",
      "NAGOLD": "07:04",
      "NECKARSULM": "07:02",
      "NELLINGEN A.D.FILDER": "07:02",
      "NERESHEIM": "06:58",
      "NEUDORF (Germersheim)": "07:05",
      "NURTINGEN": "07:02",
      "OBERDERDINGEN": "07:04",
      "OBERKIRCH (BW)": "07:07",
      "OBERNDORF A.N.": "07:05",
      "OBERSTENFELD / WURTT": "07:02",
      "OFFENBURG": "07:07",
      "OHRINGEN": "07:01",
      "OSTFILDERN": "07:02",
      "OSTRINGEN": "07:05",
      "PFALZGRAFENWEILER": "07:05",
      "PFORZHEIM": "07:04",
      "PFULLENDORF": "07:02",
      "PFULLINGEN": "07:02",
      "PHILIPPSBURG": "07:06",
      "PLOCHINGEN": "07:01",
      "RADOLFZELL": "07:03",
      "RASTATT": "07:06",
      "RAVENSBURG": "07:00",
      "RENCHEN": "07:07",
      "RENNINGEN": "07:03",
      "REUTLINGEN": "07:02",
      "RHEINFELDEN-KARSAU": "07:07",
      "ROTTENBURG": "07:03",
      "ROTTWEIL": "07:04",
      "SACHSENHEIM": "07:03",
      "SALACH": "07:00",
      "SALEM": "07:01",
      "SAULGAU": "07:01",
      "SCHOMBERG": "07:05",
      "SCHOPFHEIM": "07:07",
      "SCHORNDORF": "07:01",
      "SCHRAMBERG": "07:05",
      "SCHRIESHEIM": "07:05",
      "SCHUTTERWALD": "07:07",
      "SCHWABISCH GMUND": "07:00",
      "SCHWABISCH HALL": "07:00",
      "SCHWAIKHEIM": "07:02",
      "SCHWANINGEN": "07:05",
      "SCHWETZINGEN": "07:05",
      "SIGMARINGEN": "07:02",
      "SINDELFINGEN": "07:03",
      "SINGEN": "07:03",
      "SINSHEIM": "07:04",
      "SONTHEIM": "07:03",
      "SONTHEIM AN DER BRENZ": "06:58",
      "SPAICHINGEN": "07:04",
      "STOCKACH (Konstanz)": "07:02",
      "STUTTGART": "07:02",
      "SULZ AM NECKAR": "07:04",
      "SUSSEN": "07:00",
      "TAUBERBISCHOFSHEIM": "07:01",
      "TETTNANG": "07:00",
      "TITISEE-NEUSTADT": "07:06",
      "TRIBERG": "07:06",
      "TROSSINGEN": "07:04",
      "TUBINGEN": "07:03",
      "TUTTLINGEN": "07:03",
      "UBERLINGEN": "07:02",
      "UHINGEN": "07:01",
      "ULM": "06:59",
      "UNTERHAUSEN (BW)": "07:02",
      "URACH": "07:06",
      "URBACH": "07:01",
      "VAIHINGEN AN DER ENZ": "07:03",
      "VILLINGEN-SCHWEN.": "07:05",
      "WAGHAUSEL (WIESS.)": "07:05",
      "WAIBLINGEN": "07:02",
      "WALDENBUCH": "07:03",
      "WALDKIRCH (Freiburg)": "07:07",
      "WALDSHUT-TIENGEN": "07:06",
      "WALLDORF": "07:05",
      "WALLDURN": "07:02",
      "WANGEN IM ALLGAU": "06:59",
      "WEHINGEN": "07:04",
      "WEIL AM RHEIN": "07:08",
      "WEIL DER STADT": "07:04",
      "WEIL IM SCHONBUCH": "07:03",
      "WEINGARTEN": "07:00",
      "WEINHEIM": "07:05",
      "WELZHEIM": "07:01",
      "WENDLINGEN AM NECKAR": "07:02",
      "WERNAU": "07:01",
      "WERTHEIM": "07:02",
      "WIESLOCH": "07:05",
      "WILDBAD I. SCHW.": "07:05",
      "WILDBERG": "07:04",
      "WILLSTATT": "07:07",
      "WINNENDEN": "07:02",
      "WINTERLINGEN": "07:02"
    },
    "BAYERN": {
      "AICHACH": "06:54",
      "ALLACH": "06:53",
      "ALLERSBERG": "06:54",
      "ALTDORF B. NURNBERG": "06:54",
      "ALTENERDING": "06:51",
      "ALTENMARK AN DER ALZ": "06:49",
      "ALZENAU": "07:04",
      "AMBERG": "06:52",
      "ANSBACH": "06:57",
      "ARNSTORF": "06:48",
      "ASBACH(LANZING)": "06:47",
      "ASBACH-BAUMENHEIM": "06:56",
      "ASCHAFFENBURG": "07:03",
      "AUGSBURG": "06:55",
      "AY": "06:59",
      "BAAR-EBENHAUSEN": "06:53",
      "BABENHAUSEN/BAVAIRA": "06:58",
      "BAD WINDSHEIM": "06:58",
      "BADENDORF": "06:52",
      "BAMBERG": "06:56",
      "BAYREUTH": "06:54",
      "BEILNGRIES": "06:53",
      "BOBINGEN": "06:55",
      "BRUCKMUHL": "06:51",
      "BUCHLOE": "06:56",
      "BURGAU": "06:57",
      "BURGHAUSEN": "06:47",
      "BURGKIRCHEN AN DER ALZ": "06:48",
      "BURGLENGENFELD": "06:51",
      "COBURG": "06:56",
      "DACHAU": "06:53",
      "DEGGENDORF": "06:47",
      "DIETENHOFEN": "06:57",
      "DILLINGEN AN DER DONAU": "06:57",
      "DINGOLFING": "06:49",
      "DONAUWORTH": "06:56",
      "DORFEN (Munih)": "06:50",
      "EBERSDORF BEI COBURG": "06:56",
      "EBRACH (Wurzburg)": "06:58",
      "EICHSTATT": "06:54",
      "ELSENFELD": "07:03",
      "ERDING": "06:51",
      "ERGOLDSBACH": "06:50",
      "ERLANGEN": "06:56",
      "ERLENBACH AM MAIN": "07:03",
      "ESSENBACH (Landshut)": "06:50",
      "FAURSTENFELDBRUCK": "06:54",
      "FEUCHTWANGEN": "06:58",
      "FORCHEIM": "06:56",
      "FREISING": "06:52",
      "FREYSTADT": "06:54",
      "FRIEDBERG (BAVARIA)": "06:55",
      "FURSTENFELDBRUCK": "06:54",
      "FURTH": "06:56",
      "FUSSEN": "06:56",
      "GARCHING": "06:52",
      "GARMISCH-PART.": "06:54",
      "GAUTING": "06:53",
      "GEISENFELD": "06:53",
      "GERETSRIED": "06:53",
      "GERMERING": "06:53",
      "GERSTHOFEN": "06:55",
      "GILCHING": "06:54",
      "GOLDBACH (Aschafenburg)": "07:03",
      "GRUNWALD": "06:53",
      "GUNZBURG": "06:58",
      "GUNZENHAUSEN": "06:56",
      "HAAR (Munih)": "06:52",
      "HAIBACH (Aschafenburg)": "07:03",
      "HAUSHAM/MIESBACH": "06:51",
      "HEILSBRON": "06:56",
      "HELMBRECHTS": "06:53",
      "HERSBRUCK": "06:54",
      "HERZOGENAURACH": "06:56",
      "HOF": "06:53",
      "HORGAU": "06:56",
      "HOSBACH": "07:03",
      "ICHENHAUSEN": "06:58",
      "IHRLESTEIN": "06:52",
      "ILLERTISSEN": "06:58",
      "IMMENSTADT": "06:58",
      "INGOLSTADT": "06:53",
      "INNINGEN": "06:55",
      "KARLSTADT": "07:01",
      "KAUFBEUREN": "06:56",
      "KELHEIM": "06:52",
      "KEMPTEN": "06:57",
      "KIPFENBERG": "06:54",
      "KIRCHSEEON": "06:51",
      "KITZINGEN": "06:59",
      "KOLBERMOOR": "06:50",
      "KONIGHOFEN IM GRABFELD": "06:58",
      "KONIGSBRUNN": "06:55",
      "KRUMBACH": "06:57",
      "KULMBACH": "06:54",
      "LANDAU AN DER ISAR": "06:48",
      "LANDSBERG AM LECH": "06:55",
      "LANDSHUT": "06:50",
      "LANGQUAID": "06:51",
      "LANGWEID": "06:56",
      "LAPPERSDORF": "06:51",
      "LAUF A.D.PEGNITZ": "06:54",
      "LAUFACH": "07:03",
      "LAUINGEN": "06:57",
      "LEIPHEIM": "06:58",
      "LICHTENFELS": "06:56",
      "LINDAU (BAVARIA)": "07:00",
      "LINDENBERG IM ALLGAU": "06:59",
      "LOHR A.M.": "07:02",
      "MAINBURG": "06:52",
      "MARKT ERLBACH": "06:57",
      "MARKT SCHWABEN": "06:51",
      "MARKTHEIDENFELD": "07:01",
      "MARKTOBERDORF": "06:56",
      "MARKTREDWITZ": "06:52",
      "MEMMINGEN": "06:58",
      "MIESBACH": "06:51",
      "MILTENBERG": "07:03",
      "MINDELHEIM": "06:57",
      "MOMBRIS": "07:03",
      "MOMLINGEN": "07:04",
      "MOOSBURG": "06:51",
      "MUHLDORF AM INN": "06:49",
      "MUNCHBERG": "06:53",
      "MUNCHEN": "06:52",
      "MURNAU": "06:54",
      "NAILA": "06:53",
      "NERSINGEN": "06:58",
      "NEU ULM": "06:59",
      "NEUBURG AN DER DONAU": "06:54",
      "NEUFAHRN IN NIEDERBAYERN": "06:50",
      "NEUMARKT IN DER OBER": "06:54",
      "NEUNBURG VORM WALD": "06:50",
      "NEUSES": "06:56",
      "NEUSTADT B. COBURG": "06:56",
      "NEUTRAUBLING": "06:50",
      "NORDLINGEN": "06:57",
      "NURNBERG": "06:55",
      "OBERASBACH": "06:56",
      "OBERKOTZAU": "06:52",
      "OBING": "06:49",
      "OCHSENFURT": "06:59",
      "OLCHING": "06:53",
      "OLSNITZ": "06:52",
      "ORTENBURG": "06:46",
      "OTTOBRUNN": "06:52",
      "PARSBERG": "06:52",
      "PASSAU": "06:45",
      "PEGNITZ": "06:54",
      "PFARRKIRCHEN": "06:47",
      "PLATTLING": "06:48",
      "RAIN": "06:55",
      "REDWITZ A.D.RODACH": "06:55",
      "REGENSBURG": "06:51",
      "REGENSTAUF": "06:50",
      "REHAU": "06:52",
      "RODACH": "06:57",
      "RODING": "06:49",
      "ROSENHEIM": "06:50",
      "ROTH": "06:55",
      "ROTHENBACH -A.D.PEGNITZ": "06:55",
      "ROTHENBURG O.D.TAUBER": "06:59",
      "SCHIRNDING": "06:51",
      "SCHONGAU": "06:55",
      "SCHROBENHAUSEN": "06:54",
      "SCHWABACH": "06:55",
      "SCHWANDORF": "06:51",
      "SCHWARZENBACH A.D.SAALE": "06:54",
      "SCHWARZENBACH AM WALD": "06:54",
      "SCHWEINFURT": "06:59",
      "SCHWINDEGG": "06:50",
      "SELB": "06:52",
      "SELBITZ": "06:53",
      "SENDEN(Bavaria)": "06:59",
      "SIMBACH AM INN": "06:47",
      "STADTPROZELTEN": "07:02",
      "STARNBERG": "06:53",
      "STOCKSTADT AM MAIN": "07:04",
      "STRAUBING": "06:49",
      "SULZBACH-ROSEMBERG": "06:53",
      "TETTAU": "06:55",
      "TITTMONING": "06:48",
      "TRAUNREUT": "06:48",
      "TRAUNSTEIN": "06:48",
      "TROSTBERG AN DER ALZ": "06:48",
      "TURKHEIM": "06:56",
      "UNTERNEUKIRCHEN": "06:48",
      "UNTERSCHLEISSHEIM": "06:52",
      "VILSBIBURG": "06:49",
      "VOHRINGEN": "06:58",
      "WAGING SEE": "06:48",
      "WALDKRAIBURG": "06:49",
      "WALDSASSEN": "06:51",
      "WALLERSDORF": "06:48",
      "WASSERBURG": "06:50",
      "WASSERBURG AM BODENS": "07:00",
      "WEIDEN": "06:51",
      "WEILHEIM": "06:54",
      "WEISSENBURG IN BAYER": "06:55",
      "WEISSENHORN": "06:58",
      "WEMDING": "06:56",
      "WENDELSTEIN": "06:55",
      "WERTINGEN": "06:56",
      "WOLNZACH": "06:53",
      "WURZBURG": "07:00",
      "ZIRNDORF": "06:56"
    },
    "BERLIN": {
      "BERLIN": "06:48"
    },
    "BRANDENBURG": {
      "BEELITZ": "06:50",
      "BEESKOW": "06:45",
      "BELZIG": "06:51",
      "BERNAU": "06:48",
      "BRANDENBURG/HAVEL": "06:52",
      "CALAU": "06:45",
      "COTTBUS": "06:44",
      "EBERSWALDE": "06:47",
      "EISENHUTTENSTADT": "06:43",
      "FALKENSE": "06:50",
      "FINSTERWALDE": "06:46",
      "FORST (COTTBUS)": "06:43",
      "FRANKFURT  ODER": "06:44",
      "FURSTENWALDE": "06:45",
      "GROSSRASCHEN": "06:45",
      "GUBEN": "06:43",
      "JUTERBORG": "06:49",
      "KREMMEN": "06:50",
      "LAUCHHAMMER": "06:46",
      "LUBBEN": "06:46",
      "LUBBENAU": "06:45",
      "LUCKENWALDE": "06:49",
      "NAUEN": "06:50",
      "ORANIENBURG": "06:49",
      "POSTDAM": "06:49",
      "RATHENOV": "06:53",
      "SEELOW": "06:44",
      "SPREMBERG": "06:44",
      "STRAUSBERG": "06:46",
      "VETSCHAU": "06:45",
      "WITTENBERGE": "06:55"
    },
    "BREMEN": {
      "BREMEN": "07:07",
      "BREMERHAVEN": "07:08",
      "FINDORF": "07:07"
    },
    "HAMBURG": {
      "BERGEDORF": "07:02",
      "BILLSTEDT": "07:02",
      "FINKENWERDER": "07:03",
      "HAMBURG": "07:03",
      "HARBURG": "07:03",
      "WILHELMSBURG": "07:03"
    },
    "HESSEN": {
      "ALLENDORF/EDER": "07:06",
      "ALSFELD": "07:03",
      "AROLSEN": "07:05",
      "AUERBACH (H)": "07:05",
      "BABENHAUSEN/HESSEN": "07:04",
      "BAD CAMBERG": "07:07",
      "BAD HERSFELD": "07:02",
      "BAD HOMBURG": "07:06",
      "BAD NAUHEIM": "07:05",
      "BAD SCHWALBACH": "07:08",
      "BAD VILBEL": "07:05",
      "BAD WILDUNGEN": "07:04",
      "BAUNATAL": "07:03",
      "BEBRA": "07:01",
      "BEERFELDEN": "07:04",
      "BENSHEIM": "07:05",
      "BETTENHAUSEN": "07:03",
      "BIEBESHEIM AM RHEIN": "07:06",
      "BIEDENKOPF": "07:06",
      "BISCHOFSHEIM": "07:06",
      "BORKEN (HESSEN)": "07:04",
      "BREIDENBACH": "07:07",
      "BREUBERG": "07:04",
      "BRUCHKÖBEL": "07:04",
      "BUDINGEN": "07:04",
      "BURSTADT": "07:06",
      "BUTTELBORN": "07:06",
      "BUTZBACH": "07:06",
      "DARMSTADT": "07:05",
      "DIEBURG": "07:05",
      "DIETZENBACH": "07:05",
      "DILLENBURG": "07:07",
      "DREIEICH": "07:05",
      "DUDENHOFEN": "07:04",
      "EHRINGSHAUSEN": "07:07",
      "ELTVILLE": "07:08",
      "EPPERTSHAUSEN": "07:05",
      "ERBACH": "07:04",
      "ESCHBORN": "07:06",
      "FELSBERG": "07:03",
      "FLORSHEIM": "07:07",
      "FRANKENBERG /EDER": "07:06",
      "FRANKFURT": "07:05",
      "FRIEDBERG (HESSEN)": "07:05",
      "FRIEDRECHSDROF": "07:06",
      "FULDA": "07:02",
      "FURTH ODW. (HESSEN)": "07:05",
      "GELNHAUSEN": "07:03",
      "GIESSEN": "07:06",
      "GINSHEIM": "07:07",
      "GLADENBACH": "07:06",
      "GRASELLENBACH": "07:04",
      "GRIESHEIM (H)": "07:06",
      "GROSS-GERAU": "07:06",
      "GROSS-UMSTADT": "07:04",
      "GROSS-ZIMMERN": "07:05",
      "HADAMAR": "07:08",
      "HAIGER": "07:08",
      "HANAU": "07:04",
      "HEPPENHEIM A.D.BERG.": "07:05",
      "HERBORN": "07:07",
      "HESSISCH LICHTENAU": "07:02",
      "HIRSCHHORN (HESSEN)": "07:04",
      "HOCHHEIM AM MAIN": "07:07",
      "HOCHST IM ODENWALD": "07:04",
      "HOFGEISMAR": "07:03",
      "HOFHEIM": "07:06",
      "HOFHEIM A. TAUNUS": "07:06",
      "HUNGEN": "07:05",
      "IDSTEIN": "07:07",
      "KARBEN": "07:05",
      "KASSEL": "07:03",
      "KELKHEIM": "07:06",
      "KELSTERBACH": "07:06",
      "KIRCHHAIN": "07:05",
      "KORBACH": "07:05",
      "LAMPERTHEIM": "07:06",
      "LANGEN": "07:05",
      "LANGENSELBOLD": "07:04",
      "LAUBACH (HESSEN)": "07:04",
      "LAUTERBACH": "07:03",
      "LIMBURG AN DER LAHN": "07:08",
      "LIMESHAIN -ROMMERSHA": "07:04",
      "LOHFELDEN": "07:03",
      "LOLLAR": "07:06",
      "MARBURG AN DER LAHN": "07:05",
      "MELSUNGEN": "07:03",
      "MICHELSTADT": "07:04",
      "MORFELDEN - WALLDORF": "07:06",
      "MUHLHEIM": "07:05",
      "MUNDEN": "07:06",
      "NEU-ISENBURG": "07:05",
      "NEUSTADT IN HESSEN": "07:04",
      "NIDDA": "07:04",
      "OBERTSHAUSEN": "07:05",
      "OBERURSEL": "07:06",
      "OFFENBACH": "07:05",
      "PFUNGSTADT": "07:05",
      "RAUNHEIM": "07:06",
      "REINHEIM (H)": "07:05",
      "RUSSELSHEIM": "07:06",
      "SCHLUCHTERN": "07:02",
      "SCHWALBACH AM TAUNUS": "07:06",
      "SONTRA": "07:01",
      "STADTALLENDORF": "07:04",
      "STERZHAUSEN": "07:06",
      "URBERACH": "07:05",
      "USINGEN": "07:06",
      "VIERNHEIM": "07:05",
      "VILLINGEN": "07:05",
      "WACHTERSBACH": "07:03",
      "WEILBURG": "07:07",
      "WEITERSTADT": "07:05",
      "WETZLAR": "07:06",
      "WIESBADEN": "07:07",
      "WITZENHAUSEN": "07:01",
      "WOLFHAGEN": "07:04"
    },
    "MECKLENBURG-VORPOMMERN": {
      "BOIZENBURG": "07:00",
      "GREIFSWALD": "06:50",
      "GREVESMUHLEN": "06:58",
      "LUDWIGSLUST": "06:57",
      "PARCHIM": "06:55",
      "ROSTOCK": "06:55",
      "SCHWERIN": "06:57",
      "WISMAR": "06:57"
    },
    "NIEDERSACHSEN": {
      "ACHIM": "07:06",
      "ADELEBSEN": "07:02",
      "ALFELD-LEINE": "07:02",
      "ANKUM": "07:10",
      "BAD BENTHEIM": "07:13",
      "BAD ESSEN": "07:08",
      "BAD LAUTERBERG": "06:59",
      "BAD PYRMONT": "07:04",
      "BAD ZWISCHENAHN": "07:10",
      "BARSINGHAUSEN": "07:04",
      "BASSUM": "07:07",
      "BENNEMUHLEN": "07:03",
      "BLUMENTHAL": "07:08",
      "BOFFZEN": "07:04",
      "BOHMTE": "07:08",
      "BOVENDEN": "07:01",
      "BRAKE": "07:09",
      "BRAMSCHE": "07:10",
      "BRAUNSCHWEIG": "07:00",
      "BRUNSWICK (BRAUNSCHWEIG)": "07:00",
      "BUCHOLZ IN DER N.": "07:03",
      "BUCKEBURG": "07:05",
      "BURGDORF": "07:02",
      "BUTZFLETH": "07:05",
      "BUXTEHUDE": "07:04",
      "CELLE": "07:02",
      "CLAUSTHAL-ZELLERFELD": "07:00",
      "CLOPENBURG": "07:10",
      "CUXHAVEN": "07:08",
      "DAMME": "07:09",
      "DELMENHORST": "07:08",
      "DISSEN": "07:09",
      "DUDERSTADT": "07:00",
      "ELSFETH": "07:09",
      "EMDEN": "07:14",
      "EMMERTHAL": "07:04",
      "GANDERKESEE": "07:08",
      "GARBSEN": "07:03",
      "GARREL": "07:10",
      "GEORGSMARIENHUTTE": "07:09",
      "GIFHORN": "07:00",
      "GOSLAR": "07:00",
      "GOTTINGEN": "07:01",
      "HAMELN": "07:04",
      "HANNOVER": "07:03",
      "HANNOVERSCH MUNDEN": "07:02",
      "HARDEGSEN": "07:02",
      "HELMSTEDT": "06:58",
      "HERZBERG AM HARZ": "07:00",
      "HESSISCH OLDENDORF": "07:05",
      "HILDESHEIM": "07:02",
      "HOLZMINDEN": "07:03",
      "HUNTEBURG": "07:09",
      "ISERNHAGEN F.B.": "07:02",
      "KIRCHDORF": "07:07",
      "KONIGSLUTTER": "06:58",
      "LAATZEN": "07:02",
      "LANGENHAGEN": "07:03",
      "LAUENFORDE": "07:00",
      "LEHRTE": "07:02",
      "LEMWERDER": "07:08",
      "LINDAU (LS)": "07:01",
      "LOHNE": "07:09",
      "LUNEBURG": "07:01",
      "MELLE": "07:08",
      "MEPPEN": "07:13",
      "MORINGEN": "07:02",
      "NEUSTADT AM RUBENBERGE": "07:04",
      "NIENBURG (WESER)": "07:05",
      "NORDEN": "07:14",
      "NORDENHAM": "07:09",
      "NORDHORN": "07:14",
      "NORTHEIM": "07:01",
      "OLDENBURG": "07:10",
      "OSNABRUCK": "07:09",
      "OSTERHOLZ-SCHARMBECK": "07:07",
      "OSTERODE AM HARZ": "07:00",
      "OTTERSBERG": "07:06",
      "OYTEN": "07:06",
      "PAPENBURG": "07:13",
      "PEINE": "07:01",
      "RASTEDE": "07:10",
      "REHBURG-LOCCUM": "07:05",
      "RETHEM": "07:05",
      "RINTELN": "07:05",
      "RONNENBERG (LS)": "07:03",
      "ROSDORF": "07:01",
      "ROTENBURG": "07:05",
      "SALZGITTER": "07:00",
      "SALZGITTER BAD": "07:00",
      "SARSTEDT": "07:02",
      "SCHUTTORF": "07:13",
      "SEELZE": "07:03",
      "SEESEN": "07:01",
      "SEEVETAL": "07:02",
      "SEHNDE": "07:02",
      "SOLTAU": "07:03",
      "SPRINGE": "07:03",
      "STADE (LS)": "07:05",
      "STADE-BUTZFLETH": "07:05",
      "STADTHAGEN": "07:05",
      "STADTOLDENDORF": "07:03",
      "STEDERDORF (PEINE)": "07:01",
      "STUHR": "07:07",
      "SULINGEN": "07:07",
      "SYKE": "07:07",
      "UCHTE": "07:06",
      "UELZEN": "07:00",
      "VECHTA": "07:09",
      "VERDEN": "07:05",
      "WAGENFELD": "07:08",
      "WALDBROL": "07:10",
      "WALSRODE": "07:04",
      "WARDENBURG": "07:09",
      "WATENSTEDT": "06:58",
      "WESTERSTEDE": "07:11",
      "WILDESHAUSEN": "07:08",
      "WILHELMSHAVEN": "07:10",
      "WINSEN-LUHE": "07:02",
      "WOLFENBUTTEL": "06:59",
      "WOLFSBURG": "06:59",
      "WUNSTORF": "07:04",
      "ZEVEN": "07:05"
    },
    "NORDRHEIN-WESTFALEN": {
      "AACHEN": "07:16",
      "AHAUS": "07:13",
      "AHLEN": "07:10",
      "ALDENHOVEN": "07:15",
      "ALFTER": "07:12",
      "ALSDORF": "07:16",
      "ALTENA": "07:10",
      "APPELHULSEN": "07:12",
      "ARNSBERG": "07:09",
      "ASCHEBERG": "07:11",
      "ASSELN": "07:05",
      "ATTENDORN": "07:09",
      "AUGUSTDORF": "07:06",
      "BAD HONNEF AM RHEIN": "07:12",
      "BAD LIPPSPRINGE": "07:06",
      "BAD MEINBERG": "07:05",
      "BAD OEYNHAUSEN": "07:06",
      "BAD SALZUFLEN": "07:06",
      "BAESWEILER": "07:16",
      "BALVE": "07:09",
      "BARDENBERG": "07:16",
      "BARMEN(Wuppertal)": "07:12",
      "BECKUM": "07:09",
      "BEDBURG": "07:14",
      "BERGHEIM": "07:14",
      "BERGISH-GLADBACH": "07:12",
      "BERGKAMEN": "07:11",
      "BERGNEUSTADT": "07:10",
      "BESTWIG": "07:07",
      "BIELEFELD": "07:07",
      "BISMARCK": "07:13",
      "BLANKENHEIM": "07:14",
      "BLOMBERG": "07:05",
      "BOCHOLT": "07:15",
      "BOCHUM": "07:12",
      "BONEN": "07:10",
      "BONN": "07:12",
      "BORNHEIM": "07:13",
      "BOTTROP": "07:13",
      "BRAKEL": "07:04",
      "BRAMBAUER (LUNEN)": "07:11",
      "BRILON": "07:07",
      "BRUGGEN": "07:16",
      "BRUHL": "07:13",
      "BUNDE": "07:07",
      "BURSCHEID": "07:12",
      "CASTROP-RAUXEL": "07:12",
      "COESFELD": "07:13",
      "DAHLHAUSEN": "07:10",
      "DATTELN": "07:12",
      "DELBRUCK": "07:07",
      "DELLWIG": "07:13",
      "DERNE(DORT.)": "07:10",
      "DETMOLD": "07:06",
      "DINSLAKEN": "07:14",
      "DORMAGEN": "07:13",
      "DORSTEN": "07:13",
      "DORTMUND": "07:11",
      "DRENSTEINFURT": "07:10",
      "DUISBURG": "07:14",
      "DULMEN": "07:12",
      "DUREN": "07:15",
      "DUSSELDORF": "07:14",
      "EITORF": "07:11",
      "ELSDORF": "07:14",
      "EMMERICH": "07:16",
      "EMSDETTEN": "07:11",
      "ENGELSKIRCHEN": "07:11",
      "ENNEPETAL": "07:11",
      "ERFTSTADT": "07:13",
      "ERKELENZ": "07:15",
      "ERKRATH": "07:13",
      "ERLE": "07:14",
      "ESCHWEILER": "07:15",
      "ESLOHE": "07:08",
      "ESPELKAMP": "07:07",
      "ESPELKAMP/RAHDEN": "07:07",
      "ESSEN": "07:13",
      "EUSKIRCHEN": "07:13",
      "FINNENTROP": "07:09",
      "FRECHEN": "07:13",
      "FRONDENBERG": "07:10",
      "GEILENKIRCHEN (NRW)": "07:16",
      "GELDERN": "07:16",
      "GELSDORF": "07:12",
      "GELSENKIRCHEN": "07:13",
      "GESEKE": "07:07",
      "GEVELSBERG": "07:12",
      "GLADBACH (NRW)": "07:14",
      "GLADBECK": "07:13",
      "GREVEN": "07:11",
      "GREVENBROICH": "07:14",
      "GRONAU": "07:13",
      "GUMMERSBACH": "07:10",
      "GURZENICH": "07:15",
      "GUTERSLOH": "07:08",
      "HAGEN (Ruhr Valley)": "07:11",
      "HALLE (NRW)": "07:08",
      "HALVER": "07:11",
      "HAMM": "07:10",
      "HAMM (MARL)": "07:12",
      "HAMMINKELN": "07:15",
      "HARSEWINKEL": "07:08",
      "HASPE": "07:11",
      "HASSEL": "07:13",
      "HATTINGEN": "07:12",
      "HEESSEN": "07:10",
      "HEILIGENHAUS": "07:13",
      "HEINSBERG": "07:16",
      "HEMER": "07:10",
      "HENNEF": "07:11",
      "HERDECKE": "07:11",
      "HERFORD": "07:07",
      "HERNE": "07:12",
      "HERRINGEN": "07:10",
      "HERTEN": "07:12",
      "HERZOGENRATH": "07:16",
      "HIDDENHAUSEN": "07:07",
      "HILDEN": "07:13",
      "HOCHFELD (DUIS.)": "07:14",
      "HOHENLIMBURG": "07:11",
      "HOMBRUCH": "07:10",
      "HORDE": "07:11",
      "HORN - BAD MEINBERG": "07:06",
      "HORST": "07:13",
      "HOVEL": "07:09",
      "HOXTER": "07:04",
      "HUCKELHOVEN": "07:16",
      "HURTH": "07:13",
      "HUTZEMERT": "07:10",
      "IBBENBUREN": "07:11",
      "ISERLOHN": "07:10",
      "JUCHEN": "07:15",
      "JULICH": "07:15",
      "KALDENKIRCHEN": "07:16",
      "KAMEN": "07:10",
      "KAMP -LINTFORT": "07:15",
      "KEMPEN (NRW)": "07:15",
      "KERPEN": "07:14",
      "KIERSPE": "07:10",
      "KOHLSCHEID": "07:16",
      "KOLN": "07:13",
      "KONIGSWINTER": "07:12",
      "KORSCHENBROICH": "07:15",
      "KRAY": "07:13",
      "KREFELD": "07:15",
      "KREUZTAL": "07:09",
      "KURTEN": "07:12",
      "LAGE": "07:06",
      "LANGENFELD": "07:13",
      "LEICHLINGEN": "07:13",
      "LEMGO": "07:06",
      "LENGERICH": "07:10",
      "LENNESTADT": "07:08",
      "LETMATHE": "07:10",
      "LEVERKUSEN": "07:13",
      "LINDLAR": "07:11",
      "LIPPSTADT": "07:08",
      "LOBBERICH": "07:16",
      "LOHMAR": "07:12",
      "LUBBECKE - GEHLENBEC": "07:07",
      "LUDENSCHEID": "07:10",
      "LUDINGHAUSEN": "07:11",
      "LUGDE": "07:04",
      "LUNEN": "07:11",
      "MARL": "07:13",
      "MARSBERG": "07:06",
      "MECHERNICH": "07:14",
      "MECKENHEIM": "07:12",
      "MEINERZHAGEN": "07:10",
      "MENDEN": "07:10",
      "MESCHEDE": "07:08",
      "METTMANN": "07:13",
      "MINDEN": "07:06",
      "MOERS": "07:14",
      "MONCHENGLADBACH": "07:15",
      "MONHEIM": "07:13",
      "MULHEIM AN DER RUHR": "07:13",
      "MUNSTER": "07:11",
      "NACHRODT": "07:10",
      "NETTETAL": "07:16",
      "NEUBECKUM": "07:09",
      "NEUKIRCHEN": "07:14",
      "NEUSS": "07:14",
      "NEUSS - NORF": "07:14",
      "NIEDERKASSEL": "07:12",
      "NIENHAGEN": "07:07",
      "NORDKIRCHEN": "07:11",
      "NOTTULN": "07:12",
      "OBERADEN": "07:11",
      "OBERHAUSEN": "07:14",
      "ODENTHAL": "07:12",
      "OEDT": "07:15",
      "OELDE": "07:09",
      "OER-ERKENSCHWICK": "07:12",
      "OLPE": "07:09",
      "OVERATH": "07:11",
      "PADERBORN": "07:06",
      "PELKUM": "07:10",
      "PETERSHAGEN": "07:06",
      "PFAFFENHAFEN ADI": "06:53",
      "PLETTENBERG": "07:09",
      "PULHEIM": "07:13",
      "RADEVORMWALD": "07:11",
      "RAHDEN": "07:07",
      "RATINGEN": "07:13",
      "RECKLINGHAUSEN": "07:12",
      "REMSCHEID": "07:12",
      "REPELEN (MOERS)": "07:15",
      "RHEDA-WIEDENBRUCK": "07:08",
      "RHEINBACH": "07:13",
      "RHEINBERG": "07:15",
      "RHEINDAHLEN": "07:15",
      "RHEINE": "07:12",
      "RHEINHAUSEN (DUIS.)": "07:14",
      "RIETBERG": "07:08",
      "RONSDORF": "07:12",
      "ROSRATH": "07:12",
      "ROTHAUSEN": "07:13",
      "RUMELN (DUIS.)": "07:14",
      "SALZKOTTEN": "07:07",
      "SCHWELM": "07:12",
      "SCHWERTE": "07:11",
      "SENDEN(NRW)": "07:11",
      "SENDENHORST": "07:10",
      "SIEGBURG": "07:12",
      "SIEGEN": "07:08",
      "SINDORF": "07:14",
      "SOEST": "07:09",
      "SOLINGEN": "07:13",
      "SPENGE": "07:08",
      "SPROCKHOVEL": "07:12",
      "ST. AUGUSTIN": "07:12",
      "STADTLOHN": "07:14",
      "STEELE": "07:13",
      "STEINFURT": "07:12",
      "STEINHAGEN": "07:08",
      "STEINHEIM": "07:05",
      "STEMWEDE-OPPENWEHE": "07:08",
      "STOLBERG": "07:16",
      "STRAELEN": "07:16",
      "SUNDERN": "07:09",
      "TELGTE": "07:10",
      "TONISVORST": "07:15",
      "TROISDORF": "07:12",
      "UBACH-PALENBERG": "07:16",
      "UERDING (KREFELD)": "07:14",
      "UNNA": "07:10",
      "VELBERT": "07:13",
      "VERL": "07:07",
      "VIERSEN": "07:15",
      "VLOTHO": "07:06",
      "VOERDE": "07:14",
      "VOHWINKEL": "07:12",
      "WALDBROL": "07:10",
      "WALTROP": "07:12",
      "WARENDORF": "07:09",
      "WARSTEIN": "07:08",
      "WASSENBERG": "07:16",
      "WATTENSCHEID": "07:12",
      "WEGBERG": "07:16",
      "WEILERWIST": "07:13",
      "WELVER": "07:09",
      "WENDEN": "07:09",
      "WERDOHL": "07:10",
      "WERL": "07:09",
      "WERMELSKIRCHEN": "07:12",
      "WERNE A.D.LIPPE": "07:11",
      "WESEL": "07:15",
      "WESSELING": "07:13",
      "WESTERHOLT": "07:13",
      "WESTHOFEN": "07:11",
      "WETTER": "07:11",
      "WICKEDE (DORT.)": "07:10",
      "WIEDENBRUCK": "07:08",
      "WIEHL": "07:10",
      "WILLICH": "07:15",
      "WIPPERFURTH": "07:11",
      "WITTEN": "07:12",
      "WITTEN-HERBEDE": "07:12",
      "WITTERSCHLICK": "07:12",
      "WULFRATH": "07:13",
      "WUPPERTAL": "07:12",
      "WURSELEN": "07:16",
      "ZULPICH": "07:14"
    },
    "RHEINLAND-PFALZ": {
      "ADENAU": "07:12",
      "ALSENBORN": "07:08",
      "ALTENKIRCHEN": "07:10",
      "ALZEY": "07:07",
      "ANDERNACH": "07:11",
      "ANNWEILER": "07:08",
      "BAD DURKHEIM": "07:07",
      "BAD EMS": "07:09",
      "BAD KREUZNACH": "07:08",
      "BAD NEUENAHR-AHRWEILER": "07:12",
      "BELLHEIM": "07:06",
      "BENDORF (RHINELAND)": "07:10",
      "BETZDORF": "07:09",
      "BINGEN": "07:08",
      "BOPPARD": "07:10",
      "BUDENHEIM": "07:07",
      "BULLAY": "07:11",
      "BURGBROHL": "07:11",
      "DANNSTADT": "07:06",
      "EISENBERG": "07:07",
      "EMMELSHAUSEN": "07:10",
      "ETTRINGEN": "07:11",
      "FRANKENTHAL": "07:06",
      "FURTHEN (SIEG)": "07:10",
      "GERMERSHEIM": "07:06",
      "GEROLSTEIN": "07:13",
      "GRUNSTADT": "07:07",
      "GURNSTADT (RP)": "07:07",
      "HACHENBURG": "07:09",
      "HOHR -GRENZHAUSEN": "07:10",
      "INGELHEIM": "07:08",
      "JUNKERATH": "07:14",
      "KAISERSESCH": "07:12",
      "KAISERSLAUTERN": "07:09",
      "KIRN": "07:10",
      "KOBLENZ": "07:10",
      "KONZ": "07:13",
      "LAHNSTEIN": "07:10",
      "LANDAU IN DER PFALZ": "07:07",
      "LANDSTUHL": "07:09",
      "LINZ AM RHEIN": "07:11",
      "LUDWIGSHAFEN": "07:06",
      "LUSTADT": "07:06",
      "MAIKAMMER": "07:07",
      "MAINZ": "07:07",
      "MAXDORF": "07:06",
      "MAYEN": "07:11",
      "MONTABAUR": "07:09",
      "MUTTERSTADT": "07:06",
      "NASSAU": "07:09",
      "NEUSTADT A.D. WEINSTRASSE": "07:07",
      "NEUWIED": "07:10",
      "OGGERSHEIM (LUDWIGS)H": "07:06",
      "PIRMASENS": "07:09",
      "RANSBACH-BAUMBACH": "07:09",
      "REMAGEN": "07:11",
      "RENNEROD": "07:08",
      "ROCKENHAUSEN": "07:08",
      "RUDESHEIM": "07:09",
      "RULZHEIM": "07:06",
      "SCHIFFERSTADT": "07:06",
      "SELTERS": "07:09",
      "SIMMERN": "07:10",
      "SINZIG": "07:11",
      "SPEYER": "07:06",
      "SPRENDLINGEN": "07:08",
      "TRIER": "07:13",
      "ULMEN": "07:12",
      "WEISENTHURM": "07:10",
      "WIRGES": "07:09",
      "WITTLICH": "07:12",
      "WORMS": "07:06",
      "WORRSTADT": "07:07",
      "WORTH AM RHEIN": "07:06",
      "ZWEIBRUCKEN": "07:10"
    },
    "SAARLAND": {
      "BEXBACH": "07:10",
      "BLIESKASTEL": "07:10",
      "DILLINGEN(SAAR)": "07:13",
      "HOMBURG-SAAR": "07:10",
      "KLEINBLITTERSDORF": "07:11",
      "LEBACH": "07:12",
      "MERZIG": "07:13",
      "NEUNKIRCHEN": "07:11",
      "PUTTLINGEN": "07:12",
      "QUIERSCHEID": "07:11",
      "RILCHINGEN HANWEILER": "07:11",
      "SAARBRUCKEN": "07:11",
      "SAARLOUIS": "07:12",
      "SCHMELZ": "07:12",
      "SCHWALBACH (S)": "07:12",
      "ST.INGBERT": "07:11",
      "ST.WENDEL": "07:11",
      "SULZBACH": "07:11",
      "VOLKLINGEN": "07:12",
      "WIEBELSKIRCHEN": "07:11"
    },
    "SACHSEN": {
      "BAUTZEN": "06:43",
      "CHEMNITZ": "06:49",
      "DELITZSCH": "06:52",
      "DOBELN": "06:48",
      "DRESDEN": "06:46",
      "EILENBURG": "06:51",
      "FRANKENBERG": "06:48",
      "FREIBERG": "06:47",
      "GLAUCHAU": "06:50",
      "GORLITZ": "06:41",
      "HOHENSTEIN ERNSTTHAL": "06:50",
      "HOYERSWERDA": "06:44",
      "KLINGENTHAL": "06:50",
      "LEIPZIG": "06:51",
      "NEUKIRCHEN": "06:51",
      "OELSNITZ (CHEMNITZ)": "06:50",
      "OLBERNHAU": "06:47",
      "OSCHATZ": "06:48",
      "PEGAU": "06:52",
      "PIRNA": "06:45",
      "PLAUEN": "06:52",
      "RADEBEUL": "06:46",
      "RADEBURG": "06:46",
      "RIESA": "06:48",
      "SCHNEEBERG": "06:50",
      "STOLLBERG": "06:49",
      "WEISSWASSER": "06:42",
      "WURZEN": "06:50",
      "ZWICKAU": "06:50"
    },
    "SACHSEN-ANHALT": {
      "AKEN": "06:53",
      "BARLEBEN": "06:55",
      "BURG": "06:54",
      "CALBE": "06:54",
      "DESSAU": "06:52",
      "EISLEBEN (S-A)": "06:55",
      "GENTHIN": "06:53",
      "GOMMERN": "06:54",
      "HALBERSTADT": "06:57",
      "HALDENSLEBEN": "06:56",
      "HALLE": "06:53",
      "MAGDEBURG": "06:55",
      "MARKNEUKIRCHEN": "06:51",
      "MEISSEN": "06:47",
      "MITTWEIDA": "06:49",
      "OEBISFELDE": "06:58",
      "OSCHERSLEBEN": "06:57",
      "ROSSLAU": "06:52",
      "SALZWEDEL": "06:57",
      "SCHONEBECK": "06:54",
      "WERNIGERODE": "06:58",
      "ZEITZ": "06:52",
      "ZERBST": "06:53"
    },
    "SCHLESWIG-HOLSTEIN": {
      "AHRENSBURG": "07:02",
      "BAD BRAMSTEDT": "07:03",
      "BAD OLDESLOE": "07:01",
      "BAD SCHWARTAU": "07:00",
      "BAD SEGEBERG": "07:02",
      "BREDSTEDT": "07:08",
      "BRUNSBUTTEL": "07:06",
      "BUDLESDORF": "07:05",
      "ECKERNFORDE": "07:04",
      "ELMSHORN": "07:04",
      "EUTIN": "07:01",
      "FLENSBURG": "07:06",
      "GEESTHACHT": "07:01",
      "GLINDE (HAMBURG)": "07:02",
      "GLUCKSBURG": "07:06",
      "GLUCKSTADT": "07:05",
      "GROMITZ": "06:59",
      "HEIDE": "07:07",
      "HOHENWESTEDT": "07:05",
      "HUSUM": "07:07",
      "ITZEHOE": "07:05",
      "KALTENKIRCHEN": "07:03",
      "KAPPELN": "07:04",
      "KELLINGHUSEN": "07:04",
      "KIEL": "07:03",
      "KRONSHAGEN": "07:03",
      "LAUENBURG": "07:00",
      "LECK": "07:08",
      "LENSAHN": "07:00",
      "LUBECK": "07:00",
      "LUTJENBURG": "07:01",
      "MALENTE": "07:01",
      "MARNE": "07:07",
      "MELDORF": "07:07",
      "MOLLN": "07:00",
      "NEUMUNSTER": "07:03",
      "NIEBULL": "07:08",
      "NORDERSTEDT": "07:03",
      "OSTSTEINBEK": "07:02",
      "PINNEBERG": "07:04",
      "PLON": "07:02",
      "PREETZ": "07:02",
      "QUICKBORN": "07:03",
      "RAISDORF": "07:02",
      "RATZEBURG": "07:00",
      "REINBEK": "07:02",
      "RENDSBURG": "07:05",
      "SCHLESWIG": "07:05",
      "SCHWARZENBEK": "07:01",
      "STOCKELSDORF": "07:00",
      "TARP": "07:06",
      "UETERSEN": "07:04",
      "WAHLSTEDT": "07:02",
      "WEDEL": "07:04",
      "WESTERLAND": "07:11",
      "WYK": "07:09"
    },
    "THÜRINGEN": {
      "APOLDA": "06:55",
      "ARNSTADT": "06:57",
      "BLANKENBURG": "06:58",
      "EISENACH": "06:59",
      "ERFURT": "06:57",
      "GERA": "06:52",
      "GOTHA": "06:58",
      "HEILIGENSTADT": "07:00",
      "ILMENAU": "06:57",
      "JENA": "06:54",
      "LEINEFELDE": "07:00",
      "RONNEBURG": "06:52",
      "SAALFELD": "06:55",
      "SOMMERDA": "06:56",
      "STRASSFURT": "06:57",
      "SUHL": "06:58",
      "WEIMAR": "06:55"
    }
  }
}